,artist_name,plays,artist_id
0,the beatles,1803365,b10bbbfc-cf9e-42e0-be17-e2c3e1d2600d
1,radiohead,1549591,a74b1b7f-71a5-4011-9441-d0b5e4122711
2,coldplay,936621,cc197bad-dc9c-440d-a5b5-d52ba2e14234
3,muse,877426,9c9f1380-2516-4fc9-a3e6-f9f61941d090
4,metallica,858622,65f4f0c5-ef9e-490c-aee3-909e7ae6b2ab
5,pink floyd,847966,83d91898-7763-47d7-b03b-b92132375c47
6,linkin park,786756,f59c5520-5f46-4d2c-b2c4-822eabf53419
7,in flames,776739,31745282-b1ea-4d62-939f-226b14d68e7c
8,red hot chili peppers,755358,8bfac288-ccc5-448d-9573-c33ea2aa5c30
9,nine inch nails,744765,b7ffd2af-418f-4be2-bdd1-22f8b48613da
10,system of a down,693037,cc0b7089-c08d-4c10-b6b0-873582c17fd6
11,placebo,622324,847e8284-8582-4b0e-9c26-b042a4f49e57
12,death cab for cutie,606134,0039c7ae-e1a7-4a7d-9b49-0cbc716821a6
13,depeche mode,605859,8538e728-ca0b-4321-b7e5-cff6565dd4c0
14,iron maiden,544849,ca891d65-d9b0-4258-89f7-e6ba29d83767
15,nirvana,540756,85af0709-95db-4fbc-801a-120e9f4766d0
16,the killers,527667,95e1ead9-4d31-4808-a7ac-32c3614c116b
17,nightwish,526230,00a9f935-ba93-4fc8-a33a-993abe9c936b
18,rammstein,516061,b2d122f9-eadb-4930-a196-8f221eeb0c66
19,arctic monkeys,506716,ada7a83c-e3e1-40f1-93f9-3e73dbc9298a
20,bob dylan,504118,72c536dc-7137-4477-a521-567eeb840fa8
21,led zeppelin,500902,678d88b2-87b0-403b-b63d-5da7465aecc3
22,green day,498991,084308bd-1654-436f-ba03-df6697104e19
23,the cure,476344,69ee3720-a7cb-4402-b48d-a02c366f2bcf
24,sigur rós,445887,f6f2326f-6b25-4170-b89d-e235b25508e8
25,blink-182,440759,0743b15a-3c32-48c8-ad58-cb325350befa
26,queen,439009,0383dadf-2a4e-4d10-a46a-e9e041da8eb3
27,oasis,433041,39ab1aed-75e0-4140-bd47-540276886b60
28,u2,431323,a3cb23fc-acd3-4ce0-8f36-1e5aa6a18432
29,tool,422312,66fc5bf8-daa4-4241-b378-9bc9077939d2
30,foo fighters,418534,67f66c07-6e61-4026-ade5-7e782fad3a5d
31,fall out boy,415822,516cef4d-0718-4007-9939-f9b38af3f784
32,koЯn,412692,ac865b2e-bba8-4f5a-8756-dd40d5e39f46
33,björk,411212,87c5dedd-371d-4a53-9f7f-80522fb7f3cb
34,david bowie,405232,5441c29d-3602-4898-b1a1-b77fa23b8e50
35,jack johnson,397373,ff6e677f-91dd-4986-a174-8db0474b1799
36,britney spears,392991,45a663b5-b1cb-4a91-bff6-2bef7bbfdd76
37,elliott smith,391571,03ad1736-b7c9-412a-b442-82536d63a5c4
38,the smashing pumpkins,385520,ba0d6274-db14-4ef5-b28d-657ebde1a396
39,rise against,379431,606bf117-494f-4864-891f-09d63ff6aa4b
40,madonna,379371,79239441-bfd5-4981-a70c-55c3f15c1287
41,sufjan stevens,377399,01d3c51b-9b98-418a-8d8e-37f6fab59d8c
42,kanye west,372063,164f0d73-1234-4e2c-8743-d77bf2191051
43,daft punk,370435,056e4f3e-d505-4dad-8ec1-d04f521cbb56
44,disturbed,369787,4bb4e4e4-5f66-4509-98af-62dbb90c45c5
45,queens of the stone age,367053,7dc8f5bd-9d0b-4087-9f73-dc164950bbd8
46,tom waits,365040,c3aeb863-7b26-4388-94e8-5a240f2be21b
47,modest mouse,364123,a96ac800-bfcb-412a-8a63-0a98df600700
48,the rolling stones,363021,b071f9fa-14b0-4217-8e97-eb41da73f598
49,the offspring,351342,23a03e33-a603-404e-bcbf-2c00159d7067
50,the white stripes,351033,11ae9fbb-f3d7-4a47-936f-4c0a04d3b3b5
51,boards of canada,350362,69158f97-4c07-4c4e-baf8-4e4ab1ed666e
52,paramore,347551,44cf61b8-5197-448a-b82b-cef6ee89fac5
53,ac/dc,343267,66c662b6-6e2f-4930-8610-912e24c63ed1
54,bright eyes,343011,78f797e3-4913-4026-aad0-1cd858bd735b
55,bloc party,341437,8c538f11-c141-4588-8ecb-931083524186
56,belle and sebastian,341240,e5c7b94f-e264-473c-bb0f-37c85d4d5c70
57,pearl jam,340790,83b9cbe7-9857-49e2-ab8e-b57b01038103
58,massive attack,340706,10adbe5e-a2c0-4bf3-8249-2b4cbf6e6ca8
59,the doors,340705,9efff43b-3b29-4082-824e-bc82f646f93d
60,air,339068,cb67438a-7f50-4f2b-a6f1-2bb2729fd538
61,johnny cash,337213,d43d12a1-2dc9-4257-a2fd-0a3bb1081b86
62,slipknot,334454,a466c2a2-6517-42fb-a160-1087c3bafd9f
63,incubus,331322,e3e0abcd-7671-4482-a9d8-462f5acc9be5
64,the smiths,324757,40f5d9e4-2de7-4f2d-ad41-e31a9a9fea27
65,opeth,323877,c14b4180-dc87-481e-b17a-64e4150f90f6
66,beck,320910,309c62ba-7a22-4277-9f67-4a162526d18a
67,portishead,313431,8f6bd1e4-fbe1-4f50-aa9b-94c450ec0f11
68,dream theater,312362,28503ab7-8bf2-4666-a7bd-2644bfc7cb1d
69,kings of leon,312136,6ffb8ea9-2370-44d8-b678-e9237bbd347b
70,the prodigy,306834,4a4ee089-93b1-4470-af9a-6ff575d32704
71,marilyn manson,303501,5dfdca28-9ddc-4853-933c-8bc97d87beec
72,christina aguilera,302702,b202beb7-99bd-47e7-8b72-195c8d72ebdd
73,interpol,302262,b23e8a63-8f47-4882-b55b-df2c92ef400e
74,r.e.m.,302201,ea4dfa26-f633-4da6-a52a-f49ea4897b58
75,tori amos,297475,c0b2500e-0cef-4130-869d-732b23ed9df5
76,evanescence,290029,f4a31f0a-51dd-4fa7-986d-3095c40c5ed9
77,my chemical romance,288802,c07f0676-9143-4217-8a9f-4c26bd636f13
78,the strokes,288781,f181961b-20f7-459e-89de-920ef03c7ed0
79,franz ferdinand,286717,aa7a2827-f74b-473c-bd79-03d065835cf7
80,moby,285788,32a92586-6f9f-4882-b168-97fd60a99b6d
81,pixies,285259,b6b2bb8d-54a9-491f-9607-7b546023b433
82,avril lavigne,281391,0103c1cc-4a09-4a5d-a344-56ad99a77193
83,lil wayne,280372,ac9a487a-d9d2-4f27-bb23-0f4686488345
84,porcupine tree,275824,169c4c28-858e-497b-81a4-8bc15e0026ea
85,a perfect circle,273598,078a9376-3c04-4280-b7d7-b20e158f345d
86,children of bodom,270342,f57e14e4-b030-467c-b202-539453f504ec
87,amy winehouse,269539,dfe9a7c4-8cf2-47f4-9dcb-d233c2b86ec3
88,michael jackson,266898,f27ec8db-af05-4f36-916e-3d57f91ecf5e
89,the clash,261967,8f92558c-2baa-4758-8c38-615519e9deda
90,the shins,261718,6c8b9855-ba8b-48f9-ac1d-42167f7f7b18
91,sum 41,258773,f2eef649-a6d5-4114-afba-e50ab26254d2
92,megadeth,257132,a9044915-8be3-4c7e-b11f-9e2d2ea0a91e
93,afi,256754,1c3919b2-43ca-4a4a-935d-9d50135ec0ef
94,tegan and sara,255087,d13f0f47-36f9-4661-87fe-2de56f45c649
95,eminem,254143,b95ce3ff-3d05-4e87-9e01-c97b66af13d4
96,joy division,249989,9a58fda3-f4ed-4080-a3a5-f457aac9fcdd
97,bad religion,249167,149e6720-4e4a-41a4-afca-6d29083fc091
98,ramones,247450,d6ed7887-a401-47a8-893c-34b967444d26
99,sonic youth,247286,5cbef01b-cc35-4f52-af7b-d0df0c4f61b9
100,bob marley,246896,ed2ac1e9-d51d-4eff-a2c2-85e81abd6360
101,rage against the machine,245693,3798b104-01cb-484c-a3b0-56adc6399b80
102,garbage,244506,f9ef7a22-4262-4596-a2a8-1d19345b8e50
103,slayer,242256,bdacc37b-8633-4bf8-9dd5-4662ee651aec
104,blind guardian,241070,7fa7fc04-1011-4876-8095-ecd232edea87
105,aphex twin,240191,f22942a1-6f70-4f48-866e-238cb2308fbd
106,snow patrol,240142,a66999a7-ae5c-460e-ba94-1a01143ae847
107,the kooks,239724,f82f3a3e-29c2-42ca-b589-bc5dc210fa9e
108,arcade fire,238964,52074ba6-e495-4ef3-9bb4-0703888a9f68
109,deftones,238000,7527f6c2-d762-4b88-b5e2-9244f1e34c46
110,feist,234161,a670e05a-cea8-4b37-bce9-d82daf1a0fa4
111,gorillaz,232540,e21857d5-3256-4547-afb3-4b6ded592596
112,iron & wine,231567,c3f28da8-662d-4f09-bdc7-3084bf685930
113,sonata arctica,228644,319b1175-ced9-438f-986b-9239c3edd92d
114,john mayer,221337,144ef525-85e9-40c3-8335-02c32d0861f3
115,beastie boys,220007,9beb62b2-88db-4cea-801e-162cd344ee53
116,nofx,219529,dcaa4f81-bfb7-44eb-8594-4e74f004b6e4
117,cat power,218018,05755bf1-380c-487f-983f-d1a02401fa28
118,regina spektor,215860,fbb375f9-48bb-4635-824e-4120273b3ba7
119,black sabbath,210101,5182c1d9-c7d2-4dad-afa0-ccfeada921a8
120,alice cooper,209824,4d7928cd-7ed2-4282-8c29-c0c9f966f1bd
121,norah jones,208787,985c709c-7771-4de3-9024-7bda29ebe3f9
122,mogwai,207453,d700b3f5-45af-4d02-95ed-57d301bda93e
123,the decemberists,206992,97b1142f-c71e-4971-8736-4a8ceaf6b4c3
124,the national,206926,664c3e0e-42d8-48c1-b209-1efca19c0325
125,of montreal,206665,8475297d-fb78-4630-8d74-9b87b6bb7cc8
126,nickelback,206302,bc710bcf-8815-42cf-bad2-3f1d12246aeb
127,dropkick murphys,205882,e8374874-4178-4869-b92e-fef6bf30dc04
128,mindless self indulgence,205764,44f42386-a733-4b51-8298-fe5c807d03aa
129,infected mushroom,205699,eab76c9f-ff91-4431-b6dd-3b976c598020
130,him,205552,4cc51547-88ae-49a2-bf7e-0ef65ee7a94c
131,bruce springsteen,205065,70248960-cb53-4ea4-943a-edb18f7d336f
132,30 seconds to mars,201353,d8354b38-e942-4c89-ba93-29323432abc3
133,beirut,201162,0af78501-5647-4c18-9a0d-66ac8789e13b
134,brand new,197690,9311e2bc-bb3f-44cf-90d8-b1fe6912b60b
135,röyksopp,197166,1c70a3fc-fa3c-4be1-8b55-c3192db8a884
136,apocalyptica,196426,788ad31c-bf0c-4a31-83f8-b8b130d79c76
137,animal collective,196419,0c751690-c784-4a4f-b1e4-c1de27d47581
138,jimmy eat world,196338,bbc5b66b-d037-4f26-aecf-0b129e7f876a
139,rihanna,191895,73e5e69d-3554-40d8-8516-00cb38737a1c
140,alice in chains,190953,4bd95eea-b9f6-4d70-a36c-cfea77431553
141,the who,188657,9fdaa16b-a6c4-4831-b87c-bc9ca8ce7eaa
142,yann tiersen,187649,12d432a3-feb0-49b1-a107-d20751880764
143,judas priest,185775,6b335658-22c8-485d-93de-0bc29a1d0349
144,anathema,185601,20aa23e3-3532-42ca-acf6-e8c2e9df2688
145,panic at the disco,183408,b9472588-93f3-4922-a1a2-74082cdf9ce8
146,jay-z,183391,f82bcf78-5b69-4622-a5ef-73800768d9ac
147,kiss,182738,e1f1e33e-2e4c-4d43-b91b-7064068d3283
148,jimi hendrix,182030,06fb1c8b-566e-4cb2-985b-b467c90781d4
149,frank zappa,181877,e20747e7-55a4-452e-8766-7b985585082d
150,katatonia,181823,61ed9c9c-79eb-4e8f-8015-bd599ac0ab49
151,thievery corporation,181593,a505bb48-ad65-4af4-ae47-29149715bff9
152,die Ärzte,180530,f2fb0ff0-5679-42ec-a55c-15109ce6e320
153,arch enemy,179760,e631bb92-3e2b-43e3-a2cb-b605e2fb53bd
154,misfits,179148,936addc3-91aa-49de-8ec0-0dc186de151f
155,kylie minogue,179041,2fddb92d-24b2-46a5-bf28-3aed46f4684c
156,pj harvey,178915,e795e03d-b5d5-4a5f-834d-162cfb308a2c
157,avenged sevenfold,176180,24e1b53c-3085-4581-8472-0b0088d2508c
158,the chemical brothers,175840,1946a82a-f927-40c2-8235-38d64f50d043
159,explosions in the sky,175189,4236acde-2ce2-441c-a3d4-38d55f1b5474
160,broken social scene,174355,2eada8f8-056a-4093-bbc2-004909ce743b
161,the knife,174003,bf710b71-48e5-4e15-9bd6-96debb2e4e98
162,blur,173851,ba853904-ae25-4ebb-89d6-c44cfbd71bd2
163,manu chao,173518,7570a0dd-5a67-401b-b19a-261eee01a284
164,aerosmith,173209,3d2b98e5-556f-4451-a3ff-c50ea18d57cb
165,amon amarth,173026,5b687684-ad34-4a9f-b425-0e7aa81fbd38
166,guns n' roses,172928,eeb1195b-f213-4ce1-b28c-8565211f8e43
167,enya,172697,4967c0a1-b9f3-465e-8440-4598fd9fc33c
168,elvis presley,171776,01809552-4f87-45b0-afff-2c6f0730a3be
169,as i lay dying,170802,ba147ea0-60c4-4a40-9da6-0d5c2b2e7b03
170,eels,169466,14387b0f-765c-4852-852f-135335790466
171,lily allen,169173,6e0c7c0e-cba5-4c2c-a652-38f71ef5785d
172,beyoncé,168899,183105b5-3e68-4748-9086-2c1c11bf7a3d
173,nick cave and the bad seeds,167532,172e1f1a-504d-4488-b053-6344ba63e6d0
174,nas,166060,cfbc0924-0035-4d6c-8197-f024653af823
175,the cranberries,164592,c98d40fd-f6cf-4b26-883e-eaa515ee2851
176,tenacious d,164330,148ddea2-6839-4354-8e2c-5dfadf136b7f
177,bullet for my valentine,161489,d530dbf9-69b1-404f-98f2-0431104f5a1e
178,motörhead,161469,57961a97-3796-4bf7-9f02-a985a8979ae9
179,billy talent,161249,fd429857-5ace-4609-ae54-1502c3bdac11
180,lady gaga,161088,650e7db6-b795-4eb5-a702-5ea2fc46c848
181,jamiroquai,160800,f4857fb9-e255-4dc6-bd01-e4ca7cc68544
182,jason mraz,160521,82eb8936-7bf6-4577-8320-a2639465206d
183,the mars volta,158652,20883363-1ea4-4d72-ad72-c0e767038f3e
184,neil young,157991,75167b8b-44e4-407b-9d35-effe87b223cf
185,miles davis,157811,561d854a-6a28-4aa7-8c99-323e6ce46c2a
186,the cardigans,157041,3e55d51d-687f-4a9d-af96-2fabccf802e5
187,killswitch engage,157038,8295ee00-0096-461d-95c7-c2263d2a4c6d
188,kent,156060,ffb2d3e3-a4cc-48cf-8fb0-f2f846e9d7b9
189,rancid,154524,24f8d8a5-269b-475c-a1cb-792990b0b2ee
190,böhse onkelz,154381,b3a70929-32bc-4ace-994f-434b26ce96fe
191,the mountain goats,154359,9639cd52-c351-4a17-9797-58880e95a7ef
192,pantera,153549,541f16f5-ad7a-428e-af89-9fa1b16d3c9c
193,keane,152920,c7020c6d-cae9-4db3-92a7-e5c561cbad50
194,bob marley & the wailers,152881,c296e10c-110a-4103-9e77-47bfebb7fb2e
195,alkaline trio,152815,69421e11-e4c3-4854-951b-ceab4972e38e
196,johann sebastian bach,151776,24f1766e-9635-4d58-a4d4-9413f9f98a4c
197,kings of convenience,151171,cf0f4547-ffbd-4011-98ad-0bec9ba022db
198,[unknown],150975,125ec42a-7229-4250-afc5-e057484327fe
199,good charlotte,150440,b267ca80-034e-4dc1-9ed4-ec45f1fed41d
200,sublime,150321,95f5b748-d370-47fe-85bd-0af2dc450bc0
201,cradle of filth,149923,7e26cbe1-b8f5-4215-af82-e43d5f8ff308
202,justice,149210,444f2191-8841-440e-bbc1-6fd564893946
203,3 doors down,149136,2386cd66-e923-4e8e-bf14-2eebe2e9b973
204,dark tranquillity,148835,9d30e408-1559-448b-b491-2f8de1583ccf
205,damien rice,148708,2119beb8-6ac5-4f21-82a4-b831c90c0024
206,breaking benjamin,148665,854a1807-025b-42a8-ba8c-2a39717f1d25
207,kaiser chiefs,148503,90218af4-4d58-4821-8d41-2ee295ebbe21
208,andrew bird,148321,081b133e-ce74-42ba-92c1-c18234acb532
209,helloween,147382,765774a0-2060-469b-8b7d-612eea48579b
210,morrissey,147197,013fa897-86db-41d3-8e9f-386c8a34f4e6
211,atreyu,146681,17e137fb-59e5-4fd7-af48-afc34995396c
212,iced earth,146594,8a0e10a9-80c7-40e0-bf5b-89f1d57f9537
213,ryan adams,146558,c80f38a6-9980-485d-997c-5c1a9cbd0d64
214,bonobo,145602,9a709693-b4f8-4da9-8cc1-038c911a61be
215,maroon 5,145068,0ab49580-c84f-44d4-875f-d83760ea2cfe
216,frank sinatra,144928,197450cd-0124-4164-b723-3c22dd16494d
217,nelly furtado,144822,13655113-cd16-4b43-9dca-cadbbf26ee05
218,2pac,144712,382f1005-e9ab-4684-afd4-0bdae4ee37f2
219,devendra banhart,144667,0110e63e-0a9b-4818-af8e-41e180c20b9a
220,lamb of god,144658,298909e4-ebcb-47b8-95e9-cc53b087fc65
221,ladytron,144638,b45335d1-5219-4262-a44d-936aa36eeaed
222,papa roach,144607,c5eb9407-caeb-4303-b383-6929aa94021c
223,hans zimmer,143544,e6de1f3b-6484-491c-88dd-6d619f142abc
224,the beach boys,143294,ebfc1398-8d96-47e3-82c3-f782abcdb13d
225,simon & garfunkel,143197,5d02f264-e225-41ff-83f7-d9b1f0b1874a
226,stars,142860,5aeb21a3-4606-4a0d-8369-50c768d1e99a
227,new order,142220,f1106b17-dcbb-45f6-b938-199ccfab50cc
228,mgmt,141590,c485632c-b784-4ee9-8ea1-c5fb365681fc
229,wilco,140356,9e53f84d-ef44-4c16-9677-5fd4d78cbd7d
230,guns n roses,140054,eeb1195b-f213-4ce1-b28c-8565211f8e43
231,pendulum,139957,f2fc6ece-5615-4d2c-9cb3-8c5d51a839ea
232,céline dion,139202,847e8a0c-cc20-4213-9e16-975515c2a926
233,justin timberlake,139061,596ffa74-3d08-44ef-b113-765d43d12738
234,o.s.t.r.,138823,99acd557-c4e2-4086-9be9-85f57184dadc
235,the postal service,137253,299278d3-25dd-4f30-bae4-5b571c28034d
236,limp bizkit,136769,8f9d6bb2-dba4-4cca-9967-cc02b9f4820c
237,ulver,136713,7d209631-ccb8-4a87-8516-64abe4c22dba
238,atb,136356,22a096ef-c70d-4d70-ae19-4fc2412d4986
239,three days grace,136163,fabb37f8-eb2a-4cc1-a72a-b56935bbb72d
240,flogging molly,135429,c3694ddc-f7e5-40dd-9fad-90d11a2c50fa
241,dir en grey,134136,ab309b83-904f-4e2c-8d11-a0223bba51f9
242,the flaming lips,133898,1f43d76f-8edf-44f6-aaf1-b65f05ad9402
243,morcheeba,133834,067102ea-9519-4622-9077-57ca4164cfbb
244,the velvet underground,133789,94b0fb9d-a066-4823-b2ec-af1d324bcfcf
245,soilwork,133445,d8d1b067-78bb-4db7-8f91-db2ff9a83ee5
246,lacuna coil,132622,6fea1339-260c-40fe-bb7a-ace5c8438955
247,audioslave,132485,020bfbb4-05c3-4c86-b372-17825c262094
248,goldfrapp,131787,7b885d42-3c41-4f43-9944-a5855ec5155e
249,metric,130350,4449ccf6-c948-4d33-aa97-b6ad98ce4b5b
250,kelly clarkson,130067,d339efbb-77b9-4147-ba9e-59f2f24550b2
251,spoon,130028,84eac621-1c5a-49a1-9500-555099c6e184
252,faith no more,129917,b15ebd71-a252-417d-9e1c-3e6863da68f8
253,the used,129684,8262d8e4-9137-4bb3-a787-3caabbbc13e9
254,the libertines,129237,82b304c0-7da4-45d3-896a-0767c7ae1141
255,the kinks,129236,17b53d9f-5c63-4a09-a593-dde4608e0db9
256,simple plan,128780,b345af35-205e-4eca-8006-029e5c20127e
257,hilary duff,128365,bfaf9b70-d1fd-4d3e-b730-3e67e6f8f9bb
258,alanis morissette,128311,4bdcee62-4902-4773-8cd1-e252e2e31225
259,enigma,128124,d84c4e93-9c5f-45ab-a4ba-bd79d037eb31
260,josé gonzález,127874,cd8c5019-5d75-4d5c-bc28-e1e26a7dd5c8
261,ensiferum,127860,6e64cbfa-1a60-450e-81f4-c044c868ab24
262,weezer,127616,6fe07aa5-fec0-4eca-a456-f29bff451b04
263,deep purple,126934,79491354-3d83-40e3-9d8e-7592d58d790a
264,boa,126776,a16d1433-ba89-4f72-a47b-a370add0bb55
265,dire straits,126071,614e3804-7d34-41ba-857f-811bad7c2b7a
266,m83,125225,6d7b7cd4-254b-4c25-83f6-dd20f98ceacd
267,alicia keys,123668,8ef1df30-ae4f-4dbd-9351-1a32b208a01e
268,within temptation,123501,eace2373-31c8-4aba-9a5c-7bce22dd140a
269,atmosphere,123343,ef954679-5ee7-4016-acef-7ac71f2fa3d8
270,the all-american rejects,122357,09885b8e-f235-4b80-a02a-055539493173
271,taking back sunday,122255,350bce49-c21b-4137-b50a-0766ded07e4d
272,coheed and cambria,122223,ae1b47d5-5128-431c-9d30-e08fd90e0767
273,cocorosie,122078,e162b2eb-6a42-4240-8c1b-c94d9a0acb73
274,abba,121776,d87e52c5-bb8d-4da8-b941-9f4928627dc8
275,cake,121649,fa7b9055-3703-473a-8a09-adf2fe031a24
276,dead can dance,121352,ccda046a-2674-4f7d-97e6-f23d6c156432
277,rilo kiley,121247,eaf6a7ca-105d-4a94-ba02-8c3e4040319a
278,bon jovi,120965,5dcdb5eb-cb72-4e6e-9e63-b7bace604965
279,behemoth,120822,69632f9c-31eb-43d5-a864-e73ac72efc66
280,minus the bear,119828,c1e98e4a-4628-4c89-a7a6-0e0171600b05
281,kamelot,119724,2449300a-6ca7-45da-8102-22789d256475
282,lostprophets,119608,ef6e2e49-aa93-41bd-89b0-8c7d2f260a83
283,pavement,119521,36bfa85f-737b-41db-a8fc-b8825850ffc3
284,underoath,119372,674a7e8c-9682-419a-8e05-2358e28b5359
285,pink,119297,8d53ba6e-968c-4f72-9571-4a4f3ed4b3f0
286,akira yamaoka,118579,c3171463-d55c-4140-ad06-dbdac29c508c
287,nick drake,118409,99ea432a-e3d8-42cb-9d5e-db316a6a8458
288,dimmu borgir,117828,17167af8-c1da-45cc-bba2-9d23f068b7a3
289,dashboard confessional,116686,50549203-9602-451c-b49f-ff031ba8635c
290,mariah carey,116531,494e8d09-f85b-4543-892f-a5096aed1cd4
291,travis,116101,22a40b75-affc-4e69-8884-266d087e4751
292,burial,116021,9ddce51c-2b75-4b3e-ac8c-1db09e7c89c6
293,the magnetic fields,115917,3ff72a59-f39d-411d-9f93-2d4a86413013
294,anberlin,115725,c648509e-9916-4c56-ab63-652a03da16dd
295,dido,115201,d1353a0c-26fb-4318-a116-defde9c7c9ad
296,guano apes,115137,66da25f9-1534-4dd1-b88c-718bc24e1ccd
297,dj shadow,114945,efa2c11a-1a35-4b60-bc1b-66d37de88511
298,ayreon,114431,7bbfd77c-1102-4831-9ba8-246fb67460b3
299,the hives,114081,487bfd74-71bf-46dd-b89c-80b7a0f06f2f
300,rush,113503,534ee493-bfac-4575-a44a-0ae41e2c3fe4
301,dave matthews band,112807,07e748f1-075e-428d-85dc-ce3be434e906
302,against me!,112662,a66ebddc-ff04-46b8-820a-15c63e80dba1
303,lupe fiasco,112586,cf15719f-51f9-4db8-a15d-5eed9664ce69
304,hot chip,112194,d8915e13-d67a-4aa0-9c0b-1f126af951af
305,eric clapton,112121,618b6900-0618-4f1e-b835-bccb17f84294
306,anti-flag,112007,b88f21a7-a1b9-48fd-bbc4-ae758026f17f
307,robbie williams,111727,db4624cf-0e44-481e-a9dc-2142b833ec2f
308,manowar,111238,00eeed6b-5897-4359-8347-b8cd28375331
309,scorpions,111222,c3cceeed-3332-4cf0-8c4c-bbde425147b6
310,alexisonfire,110819,bc1c8f3f-6f36-4086-a470-87ed813dd429
311,mew,109962,fa927f59-d443-418a-b741-e557208aaf09
312,nouvelle vague,109635,77cceea7-91bb-4a4c-ae41-bc9c46c1ccb5
313,dredg,109508,7b2f87f6-db90-464e-a27a-deb4f7219e90
314,yeah yeah yeahs,109415,584c04d2-4acc-491b-8a0a-e63133f4bfc4
315,植松伸夫,109375,92bb085a-2924-4479-b627-181a1835d2f5
316,new found glory,109329,6acb932e-840d-47ac-8e0d-725ad8a6e52c
317,mötley crüe,109295,26f07661-e115-471d-a930-206f5c89d17c
318,okkervil river,109063,9fa07bb4-8312-4cd7-a19a-4fdbc5797148
319,therion,108815,c6b0db5a-d750-4ed8-9caa-ddcfb75dcb0a
320,imogen heap,108786,328d146c-79f1-4eb6-9e40-8ee5710c14e5
321,patrick wolf,108683,4ac4e32b-bd18-402e-adad-ae00e72f8d85
322,diary of dreams,108500,22fa6038-d14c-4aab-a057-d397132e9191
323,m.i.a.,108275,5f6be871-eb98-42f1-bce4-5a3d8212c281
324,leonard cohen,108099,65314b12-0e08-43fa-ba33-baaa7b874c15
325,paradise lost,107624,10bf95b6-30e3-44f1-817f-45762cdc0de0
326,mando diao,107596,ea854cc1-13fc-4fd0-86a5-d2c7dba06764
327,50 cent,107030,8e68819d-71be-4e7d-b41d-f1df81b01d3f
328,the roots,106682,80b3cf5e-18fe-4c59-98c7-e5bb87210710
329,65daysofstatic,106648,0cd12ab3-9628-45ef-a97b-ff18624f14a0
330,john williams,106456,53b106e7-0cc6-42cc-ac95-ed8d30a3a98e
331,god is an astronaut,106423,e9dfc148-d5f6-425e-b80b-f99ed2bd7c09
332,amon tobin,106269,630662ea-1c7d-4208-99fd-ba3afec20f0c
333,j dilla,106056,cbcbb22c-3a8d-46af-b4ba-09c98f0d7931
334,millencolin,105544,a11aacf5-fcbe-47f9-b065-75f4466c00ae
335,jethro tull,105169,ece57992-dc2e-4f67-a269-fa43626c1a3d
336,nina simone,104545,2944824d-4c26-476f-a981-be849081942f
337,static-x,104222,8ac9e35c-e92d-4030-99ef-ba4127b1555c
338,howard shore,102997,9b58672a-e68e-4972-956e-a8985a165a1f
339,ani difranco,102897,a7bdc71f-697a-45d9-92b2-a01fbbe50272
340,prince,102843,070d193a-845c-479f-980e-bef15710653e
341,neutral milk hotel,102445,a506f761-2c22-4b2f-8a94-bd748c2c8f75
342,isis,101392,995a32e1-b1a6-4836-8abc-953c8b2f5094
343,architecture in helsinki,100985,b91f0973-002e-4237-a39f-c7e02e786e53
344,amorphis,100939,efaefde1-e09b-4d49-9d8e-b1304d2ece8d
345,sepultura,100747,1d93c839-22e7-4f76-ad84-d27039efc048
346,james blunt,100704,ebee61b4-bbdd-4087-9bcb-d5aa099088ec
347,editors,100675,0efe858c-89e5-4e47-906a-356fa953fd6e
348,band of horses,100528,07b6020a-c539-4d68-aeef-f159f3befc76
349,creedence clearwater revival,100478,109958eb-a335-4c5e-907e-597ff4c6af46
350,the dresden dolls,100274,107c7983-0728-46ea-8550-77e698adf690
351,t.i.,99745,f7ba7fbe-c6bd-4ac0-bee9-c25c558d7d62
352,blonde redhead,99683,6821bf3f-5d5b-4b0f-8fa4-79d2ab2d9219
353,soundtrack,99661,d6bd72bc-b1e2-4525-92aa-0f853cbb41bf
354,black eyed peas,99482,d5be5333-4171-427e-8e12-732087c6b78e
355,crystal castles,99446,b1570544-93ab-4b2b-8398-131735394202
356,korpiklaani,99403,50eec634-7c42-41ee-9b1f-b41d9ca28b26
357,kate bush,99359,4b585938-f271-45e2-b19a-91c634b5e396
358,they might be giants,99285,183d6ef6-e161-47ff-9085-063c8b897e97
359,death,98999,dbb3b771-ae77-4381-b61c-758b5b7898ec
360,cypress hill,98969,51508c1f-8d07-4a00-9cf1-26c570fe7b78
361,common,98618,c0a1179b-b14a-4d68-a3c1-1fdab16ed602
362,jeff buckley,98580,e6e879c0-3d56-4f12-b3c5-3ce459661a8e
363,genesis,98342,8e3fcd7d-bda1-4ca0-b987-b8528d2ee74e
364,finntroll,98046,14962b84-c46a-490b-b6a0-ee69c78b2291
365,cannibal corpse,97852,af8e4cc5-ef54-458d-a194-7b210acf638f
366,antony and the johnsons,97666,90cc2464-234e-4da0-b39b-576f36e633bc
367,thrice,97470,244afcb7-fa9a-49b1-9aa6-0149512d1c52
368,the fray,97141,2ddd167f-5b8a-4372-b350-6ad50493bac0
369,timbaland,96650,daa09819-5da5-4c7a-8bef-eb372bb27ff1
370,grateful dead,96537,6faa7ca7-0d99-4a5e-bfa6-1fd5037520c6
371,snoop dogg,96510,f90e8b26-9e52-4669-a5c9-e28529c47894
372,hammerfall,96371,abf5f674-dbad-4219-b3ad-dbd6fb163c8e
373,mike oldfield,95973,a1684a49-feaa-4150-b758-d9412fc59f12
374,counting crows,95658,a0327dc2-dc76-44d5-aec6-47cd2dff1469
375,the gathering,95550,004e5eed-e267-46ea-b504-54526f1f377d
376,epica,95303,21985b14-1b0d-44fe-b357-310b29bba510
377,ratatat,94970,f467181e-d5e0-4285-b47e-e853dcc89ee7
378,vnv nation,94792,8385f26a-f374-4a04-9aad-4442ce24db2b
379,in extremo,94689,8ebd161e-f45e-41b9-8019-fcbd094c327f
380,die toten hosen,94679,c3bc80a6-1f4a-4e17-8cf0-6b1efe8302f1
381,katy perry,94643,122d63fc-8671-43e4-9752-34e846d62a9c
382,rufus wainwright,94249,78e46ae5-9bfd-433b-be3f-19e993d67ecc
383,t.a.t.u.,94229,7c20f558-d664-42bd-b6f1-81acf9dbb72d
384,a tribe called quest,93966,9689aa5a-4471-4fb4-9721-07cecda0fa9f
385,outkast,93597,73fdb566-a9b1-494c-9f32-51768ec9fd27
386,vampire weekend,93347,af37c51c-0790-4a29-b995-456f98a6b8c9
387,mika,93107,e11051f9-0098-41aa-9edb-8dacd8f1c6b5
388,napalm death,92715,ce7bba8b-026b-4aa6-bddb-f98ed6d595e4
389,the game,92682,07cc14fb-4784-4a25-804b-2686ed5ef52c
390,relient k,92153,a49b5d41-7399-49ef-bcb8-a5779a30d2e9
391,armin van buuren,92129,477b8c0c-c5fc-4ad2-b5b2-191f0bf2a9df
392,emilie autumn,92060,c8bc9ad3-1df2-4c9b-9cf7-cf6fc60441dc
393,tv on the radio,92009,eb872766-98f6-453d-883f-2ae908a18315
394,梶浦由記,91752,67e344da-ec54-4e26-b2a4-8351d744a14c
395,trivium,91662,1f5ff245-2837-4d4a-a609-e93e544478c3
396,ben folds,91548,51b7f46f-6c0f-46f2-9496-08c9ec2624d4
397,manic street preachers,91267,32efea44-6cb5-4b4f-bdaa-c8b8f6cef981
398,hatebreed,91062,40b7efb7-1268-4a80-b354-600afdcbe9e2
399,maxïmo park,91060,92e634a7-6023-4be8-be15-ebba822f5b34
400,all that remains,90673,4f8b7186-b2a2-40db-97ae-6e1cd46d57b1
401,lifehouse,90312,04591295-6d94-45cb-b6c7-1ae17c6f380e
402,john frusciante,89767,f1571db1-c672-4a54-a2cf-aaa329f26f0b
403,girl talk,89704,24e36781-1f4a-40af-bd18-c5de61f10c66
404,rjd2,89313,1a120ec5-35b3-4f3e-aa49-7201550d9feb
405,talking heads,89193,a94a7155-c79d-4409-9fcf-220cb0e4dc3a
406,vangelis,88725,57fca0e2-f9ad-4ae6-af9d-6a6f50cbcd5f
407,the new pornographers,88644,25b75a66-ce83-4db3-b136-395a3c3784c4
408,sting,88588,7944ed53-2a58-4035-9b93-140a71e41c34
409,bon iver,88044,437a0e49-c6ae-42f6-a6c1-84f25ed366bc
410,saves the day,87479,593f8594-83ad-4df4-a9b8-e4d225f55440
411,joe satriani,87272,29762c82-bb92-4acd-b1fb-09cc4da250d2
412,the police,87243,9e0e2b01-41db-4008-bd8b-988977d6019a
413,poets of the fall,86896,482a5456-7d8a-4366-a2e9-6f38853df632
414,fatboy slim,86507,34c63966-445c-4613-afe1-4f0e1e53ae9a
415,girls aloud,86448,a0b2f210-cd3a-453d-937d-e4f2658d17c7
416,scooter,86332,83e59f23-3b0b-4304-834d-5bcafd5df6d2
417,pet shop boys,86064,be540c02-7898-4b79-9acc-c8122c7d9e83
418,cansei de ser sexy,85707,23b58ea2-1cc3-468a-9e76-5027e196e851
419,lil' wayne,85673,ac9a487a-d9d2-4f27-bb23-0f4686488345
420,cut copy,85445,caaba574-dfbc-4681-8e56-19b5150897d2
421,no doubt,85439,fbd2a255-1d57-4d31-ac11-65b671c19958
422,the cinematic orchestra,85366,7c158ea8-c0aa-410e-bdc1-20bba9759577
423,cocteau twins,85051,000fc734-b7e1-4a01-92d1-f544261b43f5
424,bring me the horizon,84944,074e3847-f67f-49f9-81f1-8c8cea147e8e
425,brian eno,84897,ff95eb47-41c4-4f7f-a104-cdc30f02e872
426,ozzy osbourne,84832,8aa5b65a-5b3c-4029-92bf-47a544356934
427,heaven shall burn,84712,d044577e-aa22-43b7-ab29-cabee5f6643c
428,cascada,84398,04af2581-6692-4f14-a7fe-151a36f20368
429,machine head,84311,22a1f4d7-81ff-4216-ac06-3387da6bc118
430,fleet foxes,84102,fa97dd36-1b82-43d7-a6e4-2adeafd59cef
431,lamb,84076,0d4bc6e5-2a3e-4fdf-8bbf-59ad0bc374d7
432,weird al yankovic,83942,7746d775-9550-4360-b8d5-c37bd448ce01
433,my bloody valentine,83829,8ca01f46-53ac-4af2-8516-55a909c0905e
434,at the drive-in,83671,7e13cd1c-0300-4d03-bd8e-5f86dd99d74f
435,edguy,83197,83998f9c-846b-4294-aede-d7735531c901
436,shpongle,82543,ffe9ec08-6b6b-4993-9394-e280b429dbfd
437,underworld,82462,ba2f4f3b-0293-4bc8-bb94-2f73b5207343
438,fiona apple,82380,a9ee533f-8871-4f62-a6bb-91eb264abc90
439,tristania,82239,7e482754-d3f6-49e5-b351-235849754e26
440,calexico,82037,5e372a49-5672-4fb8-ba14-18c90780c4f9
441,michael bublé,81938,611700cf-27f0-4dc9-ae80-c513a767853e
442,sentenced,81937,82a5b152-ee60-4447-939a-dd5a91cd7c38
443,stone sour,81377,4ca783b7-5bf7-4348-b494-46680660050f
444,saosin,81190,47b8b42a-96e8-46fa-9ea6-70c5136ae971
445,norther,80722,313a0007-b9d3-4036-921a-ce311f9795ad
446,stevie wonder,80715,1ee18fb3-18a6-4c7f-8ba0-bc41cdd0462e
447,ムック,80634,0da0f48c-3689-4c38-bf4a-c5b50d516689
448,soundgarden,80600,153c9281-268f-4cf3-8938-f5a4593e5df4
449,me first and the gimme gimmes,80569,9478e346-7c52-4780-9555-3d1577f0b905
450,ill niño,80566,91e2e08f-abd7-44d6-9a84-b8a4afa8a265
451,the fratellis,80455,f4ad883e-9a92-45ed-a540-a49c2d1c36dd
452,reel big fish,80451,5e5480be-eded-44ad-9c45-f6136ec2f5db
453,faithless,80290,23d9d74d-c95e-46a6-be26-a6075c49747a
454,madlib,80242,ea9078ef-20ca-4506-81ea-2ae5fe3a42e8
455,jedi mind tricks,80116,c7732cf8-e9a1-46f1-9133-84d930f3187a
456,kmfdm,80057,45074d7c-5307-44a8-854f-ae072e1622ae
457,beatsteaks,79902,a9b88ebb-83aa-4ef7-b674-fabeb572c14e
458,autechre,79447,410c9baf-5469-44f6-9852-826524b80c61
459,notorious b.i.g.,79390,d5d97b2b-b83b-4976-814a-056d9076c8c3
460,siouxsie and the banshees,79376,78ea5ea1-3c4d-4b7e-ac5d-68900319ebe2
461,klaxons,79263,63011a8d-0117-4f7e-9991-1ef1f337ff70
462,leona lewis,79230,8d552dfc-648f-401f-90de-e925013ca537
463,gogol bordello,79184,f47fc54d-b334-4321-8218-00c5b11d4dd1
464,converge,79132,fa31e7d4-a03a-4110-98fc-f8826e95ec25
465,akon,79122,1138a764-2212-4d0a-b02d-0dc14df91e08
466,ennio morricone,78989,a16e47f5-aa54-47fe-87e4-bb8af91a9fdd
467,clint mansell,78967,fc015f11-be38-4b7d-b3e8-5d809242ecec
468,sugababes,78887,dfa715ac-b536-44df-af43-570d3ea3edec
469,john lennon,78674,4d5447d7-c61c-4120-ba1b-d7f471d385b9
470,deathstars,78602,1c90eb11-0531-402c-87dc-d578e36ec23c
471,marillion,78525,1932f5b6-0b7b-4050-b1df-833ca89e5f44
472,bathory,78253,d292b4cd-37bd-4a88-a823-8710f273cc31
473,funeral for a friend,78187,199d0ab3-22c0-4c00-b99d-257f591dda1f
474,p.o.d.,78141,57e79d57-b795-475e-9fa2-5dd9d5513b8c
475,goo goo dolls,78131,e2c00c56-8365-4160-9f40-a64682917633
476,the jimi hendrix experience,77886,33b3c323-77c2-417c-a5b4-af7e6a111cc9
477,stratovarius,77876,c3d6fdd5-67c5-453e-87e3-d17a00a52879
478,ludwig van beethoven,77849,1f9df192-a621-4f54-8850-2c5373b7eac9
479,los hermanos,77686,557ac15e-7800-44c3-bb62-d4ab34ac1e28
480,venetian snares,77520,56abaa47-0101-463b-b37e-e961136fec39
481,lars winnerbäck,77498,1723c867-d5c5-4a61-a40b-8c04fa7acf1b
482,the academy is...,77420,eb8ff09f-0b63-4c5e-96dc-b6dadeb794ac
483,less than jake,77360,e54e065f-0ce6-4779-9a9a-afd7b997471f
484,the sisters of mercy,77229,553d8166-27b0-49fe-b8e4-89a984e2c375
485,fear factory,77204,c17f08f4-2542-46fb-97f3-3202d60c225a
486,dead kennedys,77164,37c78aeb-d196-42b5-b991-6afb4fc9bc2e
487,fugazi,77152,233fc3f3-6de2-465c-985e-e721dbabbace
488,meshuggah,77140,cf8b3b8c-118e-4136-8d1d-c37091173413
489,babyshambles,77058,8e1e03fe-ebbc-467a-b541-857144db10fb
490,mastodon,76907,bc5e2ad6-0a4a-4d90-b911-e9a7e6861727
491,동방신기,76803,05cbaf37-6dc2-4f71-a0ce-d633447d90c3
492,devildriver,76735,1aded574-9e16-4648-861a-24fd6f1c309e
493,kreator,76654,39822e8d-f24e-4f07-b51b-28b22e59fbdb
494,the pussycat dolls,76458,1fda852b-92e9-4562-82fa-c52820a77b23
495,godsmack,76348,ac2d1c91-3667-46aa-9fe7-170ca7fce9e2
496,gnarls barkley,76312,a47c3aa2-7d87-475c-a2c7-1e2047dafb09
497,ne-yo,76263,a4a01f5d-18e7-4571-8c3a-76ec0e24e2d7
498,kult,76192,5e857ebe-88f3-4aab-9534-6728c305e427
499,bloodhound gang,76160,b2dbfc09-b332-408b-a235-1850e41971c5
500,fleetwood mac,76146,bd13909f-1c29-4c27-a874-d4aaf27c5b1a
501,hoobastank,76133,2fa0d3ac-b64c-401a-b0a1-4915ba6cc157
502,pinback,75875,1f16a425-2606-4137-a6b7-234b6dabe037
503,the album leaf,75825,ffb18e19-64a4-4a65-b4ce-979e00c3c69d
504,tiamat,75750,8930ec4e-51c7-4905-ac40-684459878085
505,bowling for soup,75537,bcb95908-5c6e-453a-97fc-d69003d250ff
506,stereolab,75499,f1df0431-9250-4ec8-95d8-f19ce7cf7fb6
507,wolfgang amadeus mozart,75479,b972f589-fb0e-474e-b64a-803b0364fa75
508,the streets,75340,6f607087-9c46-4bb2-a884-e4efc764554c
509,motion city soundtrack,75216,190e78ac-8f44-4bf1-a4ff-95ed9376ad9e
510,lumen,75205,762c05cb-062e-4c6e-aafb-cd9036b4f34f
511,pulp,74999,76b2e842-5e85-4c97-ab62-d5bc315595b5
512,king crimson,74911,b38225b8-8e5f-42aa-bcdc-7bae5b5bdab3
513,pain of salvation,74742,f7c65346-9631-4220-9188-5e90baae58d5
514,marduk,74667,b7dc7c76-53f1-49ac-8dc2-d469ed7f8e65
515,kraftwerk,74646,5700dcd4-c139-4f31-aa3e-6382b9af9032
516,m. ward,74633,655b3e5b-09e4-45dd-941c-6fa3fc12521b
517,lenny kravitz,74611,0ef3f425-9bd2-4216-9dd2-219d2fe90f1f
518,unkle,74462,6648391e-7890-4f6c-b939-976f215195d3
519,the pillows,74406,e69c8ccb-25b1-4c4a-89c6-8fdad1172951
520,k.i.z.,74183,13c9c494-09aa-4518-8572-9f41dbdff461
521,moonspell,74137,386b19c6-a3d2-414a-bef2-c178572b1cbe
522,sia,74108,2f548675-008d-4332-876c-108b0c7ab9c5
523,jens lekman,73981,41aa2734-ec86-4197-a074-d44886e7da8d
524,kyuss,73979,ea0f2a37-7007-4217-a812-396227f5013a
525,sarah mclachlan,73909,ce58d854-7430-4231-aa44-97f0144b3372
526,machinae supremacy,73775,22cbe400-9906-4c47-973c-b7122b23840a
527,billie holiday,73716,d59c4cda-11d9-48db-8bfe-b557ee602aed
528,rob zombie,73716,c995a379-60b9-404b-bd97-a7e2de0751d3
529,peter gabriel,73635,8e66ea2b-b57b-47d9-8df0-df4630aeb8e5
530,chris brown,73578,2c1828a2-e46b-4ade-a6e9-065ca265d679
531,my morning jacket,73531,ea5883b7-68ce-48b3-b115-61746ea53b8c
532,myslovitz,73491,fccef2c8-22a7-419e-bd6b-c40fc8f46068
533,moloko,73489,2f94016a-3880-4d8c-9af9-0e197ee77189
534,super junior,73380,a13898e2-e488-498e-a89c-d0e920f74d4d
535,n*e*r*d,72873,3fb49f5a-fdc0-4789-9c84-22b38b3f3cb5
536,city and colour,72823,b1003bf1-25b8-41f4-a783-36060f987913
537,the 69 eyes,72773,ba1384a7-8b0e-4ea6-bf0c-f1ec17a06d14
538,hooverphonic,72622,62dc94cc-f611-4345-87cb-b914796a4a45
539,silverstein,72408,d89de379-665d-425c-b2e9-41b95d1edb36
540,coma,72075,de548477-205e-4802-8908-e71d3ad67be0
541,yo la tengo,72064,3f542031-b054-454d-b57b-812fa2a81b11
542,the black keys,71857,d15721d8-56b4-453d-b506-fc915b14cba2
543,múm,71737,2b64e811-cbcd-45f7-b29d-296444cad4f1
544,samael,71722,6a2ca1ac-408d-49b0-a7f6-cd608f2f684f
545,yellowcard,71584,3630fff3-52fc-4e97-ab01-d68fd88e4135
546,the flashbulb,71543,24786816-025f-49f4-9787-4945a3311f96
547,zero 7,71481,c23b637b-97c6-41eb-8ef6-6c724efc80a8
548,kate nash,71477,49018fd2-95ef-4f7e-92bb-813159909314
549,mcfly,71124,72d3dc3f-3984-42b9-89de-42d6eeb1abf3
550,circa survive,71078,a2496a3c-8f42-4b98-b780-6f8d64f56441
551,wu-tang clan,71008,0febdcf7-4e1f-4661-9493-b40427de2c13
552,burzum,70955,49cd96a6-42c3-44f6-ba2a-cd9301046b96
553,vader,70812,db859a53-b7ca-4892-bcda-5ef78d2c891f
554,say anything,70787,ee90d1b3-a4e2-4d18-9092-111d856e7e7a
555,浜崎あゆみ,70647,2b615bcf-baa0-4657-b9a5-1a5f34c386c4
556,the haunted,70589,4a60824c-be84-44c5-8632-c0c2b2ff145f
557,nasum,70523,4b52ef0a-78c3-4b52-b4ee-658ac47ff889
558,菅野よう子,70334,5ffb73c0-b739-4231-ba22-f8d361be1d45
559,all time low,70183,62162215-b023-4f0e-84bd-1e9412d5b32c
560,shakira,70150,bf24ca37-25f4-4e34-9aec-460b94364cfc
561,the sounds,69916,ad92dd9c-56ef-4443-b2c0-ff2f7d9cca49
562,ella fitzgerald,69820,54799c0e-eb45-4eea-996d-c4d71a63c499
563,mf doom,69774,188711ed-c99b-439c-844a-ca831f63a727
564,tiësto,69562,aabb1d9f-be12-45b3-a84d-a1fc3e8181fd
565,kt tunstall,69545,951d2103-9c7d-4849-ae60-88bf6aa4790b
566,something corporate,69471,8dacf242-9bf7-44f5-b2eb-18305b904551
567,black rebel motorcycle club,69437,32b90c92-9978-4a07-90eb-caa4b22f4907
568,backstreet boys,69012,2f569e60-0a1b-4fb9-95a4-3dc1525d1aad
569,mudvayne,68795,f1c8da15-b408-4149-b863-f1cbe9971f19
570,caliban,68771,7bace718-5f56-4311-9568-e46a70830605
571,aesop rock,68737,aba64937-3334-4c65-90a1-4e6b9d4d7ada
572,gackt,68593,e7a8e086-16df-44a7-91e4-640986bcff72
573,staind,68475,777a21a8-0d0f-4cf3-86b4-65bc0eba5649
574,from autumn to ashes,68459,a6bfadac-d028-4bda-a5b2-e1468f556569
575,katie melua,68346,39e32995-6515-40b2-a6f0-841524047edc
576,death from above 1979,68320,92dc699f-fcbc-4278-afbe-40b5ad060a55
577,scissor sisters,68283,4236d929-9a81-4c8e-97c3-8d3306780f50
578,turbonegro,68273,68f1175b-592b-4f28-ab1c-85c7a438c636
579,a day to remember,68089,db008806-16f6-48fc-8521-3d953709689d
580,van morrison,68073,a41ac10f-0a56-4672-9161-b83f9b223559
581,kasabian,67979,69b39eab-6577-46a4-a9f5-817839092033
582,gamma ray,67948,8766cdd6-066c-4b14-ba53-c7958e613bad
583,enter shikari,67821,329f95db-f02e-40bf-a5f7-0dea11529ce3
584,testament,67719,05106775-5d45-4131-aecc-1177f813ba11
585,squarepusher,67647,4d86ad4e-28d8-4e9f-8cf4-735c57060fdc
586,john coltrane,67581,b625448e-bf4a-41c3-a421-72ad46cdb831
587,gorgoroth,67434,a1d69fd9-0096-4a60-b277-de34e5a77fca
588,janet jackson,67354,6be2828f-6c0d-4059-99d4-fa18acf1a296
589,my dying bride,67201,2f04ad1f-9f97-41d0-a09c-59c40dfe9cd1
590,the jesus and mary chain,67005,e938a15c-b17e-4e7a-9f68-ff0d536cab44
591,skillet,66907,16a43d5e-c52d-4eaa-9c3b-00b2c1d8e816
592,nile,66899,adc68a50-38ee-456d-927e-715cbf74c0d5
593,dragonforce,66828,ef58d4c9-0d40-42ba-bfab-9186c1483edd
594,volbeat,66690,4753fcb7-9270-493a-974d-8daca4e49125
595,philip glass,66662,5ae54dee-4dba-49c0-802a-a3b3b3adfe9b
596,immortal,66158,b863cf80-19c6-4a87-8e42-6cff7ac8f18f
597,erykah badu,65957,321531fc-db73-4ffa-a959-61a61a2908c1
598,pain,65836,13f972c7-7b08-4071-9d12-cca87059c4cd
599,seether,65744,fbcd7b29-455f-49e6-9c4f-8249d20a055e
600,soulfly,65445,832a43c7-aa7d-439b-a6b4-4f1afa671c24
601,parkway drive,65442,a436dd02-0549-4c91-b608-df451217fdeb
602,gwen stefani,65121,2e41ae9c-afd2-4f20-8f1e-17281ce9b472
603,pennywise,65086,5c210861-2ce2-4be3-9307-bbcfc361cc01
604,ministry,65027,13df2a46-f72f-40e7-aa63-26fcf62c7048
605,stereophonics,64880,0bfba3d3-6a04-4779-bb0a-df07df5b0558
606,van halen,64780,b665b768-0d83-4363-950c-31ed39317c15
607,angels & airwaves,64533,05071a7e-e71c-4306-a509-591cd3686893
608,elton john,64487,b83bc61f-8451-4a5d-8b8e-7e9ed295e822
609,frédéric chopin,63839,09ff1fe8-d61c-4b98-bb82-18487c74d7b7
610,silverchair,63789,b0799818-22cb-4564-8e68-3c410d0722ee
611,story of the year,63426,e2c3c508-f0ab-49af-92c9-a81d66d67405
612,groove armada,63366,35723b60-732e-4bd8-957f-320b416e7b7f
613,the kills,63064,2c629b8c-d751-4131-b785-5690bb5e0fd7
614,håkan hellström,62751,6ee8668b-b4e1-48cf-ba25-a6f7c8bf864d
615,the dillinger escape plan,62737,1bc41dff-5397-4c53-bb50-469d2c277197
616,phish,62735,e01646f2-2a04-450d-8bf2-0d993082e058
617,electric six,62659,54b0584e-4e5e-4976-80d4-eea7a82a7213
618,paul van dyk,62637,092ca127-2e07-4cbd-9cba-e412b4ddddd9
619,perfume,62541,486067ad-56d6-48b5-957b-d6cfe3e1af73
620,apoptygma berzerk,62490,98ed42ad-aafa-46a8-899b-150fa237133a
621,nekromantix,62364,7cdb1751-4cf3-4e47-b13a-41dcf72a2dc6
622,flyleaf,62335,9011971a-df29-4b57-8889-2e5e9a645cbe
623,camera obscura,62327,ef43cee7-13f5-4d10-844e-879aba3d8b19
624,phoenix,62192,99d7b49c-c18e-4a11-bf3e-b71710938df6
625,darkthrone,61703,af8fd97c-db72-4e30-b2aa-30ebd0c4f1a0
626,paul mccartney,61652,ba550d0e-adac-4864-b88b-407cab5e76af
627,cat stevens,61612,5adb8b74-54b8-4700-836e-550b6a2a2f71
628,john legend,61550,75a72702-a5ef-4513-bca5-c5b944903546
629,ben harper,61528,b07016ee-5de9-4419-8205-0490d95dc638
630,gentleman,61522,37d29a0a-4f5d-4a53-917c-bd0e897c54f7
631,kalmah,61509,8d5291bc-e960-428a-9004-b5ab9c171dd2
632,cunninlynguists,61439,69c4cc43-8163-41c5-ac81-30946d27bb69
633,clutch,61242,0cdb0359-5698-487d-9aae-a25fb4dcdc4d
634,einstürzende neubauten,61241,6e9ac29b-798c-4af7-8d9e-55cdc72a999c
635,prefuse 73,61097,fc61dd75-880b-44ba-9ba9-c7b643d33413
636,serj tankian,61037,e471b63c-c3b5-4f62-a971-cd0b2273838f
637,the rasmus,61010,012e3432-71d3-4317-9ce5-b60cb6cdc38f
638,type o negative,60822,a63df8c3-28e4-41db-bac2-c6c6e8ff8f28
639,black flag,60616,9941a936-196a-4a62-ae53-a69cbc33f20e
640,lcd soundsystem,60616,2aaf7396-6ab8-40f3-9776-a41c42c8e26b
641,the distillers,60095,d25fa5a6-92bf-46a3-8bf7-31149b62eb84
642,danny elfman,60018,5b24fbab-c58f-4c37-a59d-ab232e2d98c4
643,clueso,59873,5c2717ab-3b1e-4043-8874-e88ecf391cc9
644,copeland,59693,17be38e7-97bf-4ead-8432-ba05455b3860
645,36 crazyfists,59516,781167d7-b9e5-48ea-9f66-67c4a6739562
646,diana krall,59360,67d2cb7a-9ddb-4a7f-82bf-5a2d1a038e98
647,skinny puppy,59349,5a24bc1a-c093-4a82-84ed-8d7f2da0570d
648,joni mitchell,59275,a6de8ef9-b1a1-4756-97aa-481bbb8a4069
649,santana,59258,9a3bf45c-347d-4630-894d-7cf3e8e0b632
650,cmx,59198,1e6d7f54-95b1-400f-863c-2a72a7494e59
651,loreena mckennitt,59183,c1e5344e-1bff-4727-9417-a4f55e41b5ff
652,oomph!,59106,d82ba5f4-da09-479a-ab18-4b1a122c4345
653,the fall,59071,d5da1841-9bc8-4813-9f89-11098090148e
654,thursday,58978,0acae232-d31a-4211-b6d0-6af1b6350274
655,the dandy warhols,58967,5f572b31-8fd9-45ae-9beb-358c98d839df
656,the faint,58931,a1419808-65d3-4d40-998c-1a0bac65eabc
657,def leppard,58923,7249b899-8db8-43e7-9e6e-22f1e736024e
658,nada surf,58897,b9a2a9a6-7a40-48a6-bcb1-8eff5b89ad5b
659,primus,58894,84dc4f23-c0b8-4fe1-bbca-a3993ddc8fc2
660,the crystal method,58832,aaf09f31-bb5c-43e5-9f54-bb6554c33a71
661,joanna newsom,58564,cb69e1f1-bc76-4df5-93c9-cf97dd8a3b5c
662,l'arc~en~ciel,58510,62b61409-d13e-4281-9e3f-06941c2c5f5f
663,david guetta,58337,302bd7b9-d012-4360-897a-93b00c855680
664,neurosis,58329,a9416fb3-4d28-4575-abae-f0d160be83ed
665,stone temple pilots,58249,8c32bb01-58a3-453b-8050-8c0620edb0e5
666,dr. dre,58222,5f6ab597-f57a-40da-be9e-adad48708203
667,the red jumpsuit apparatus,58168,f0e820ab-f31a-400d-9c5e-8be1c8c38726
668,chiodos,58132,b755836a-0cb6-4577-a678-55a5a6402d70
669,chimaira,57969,d624df22-b03d-4746-ac28-a4bd72aeec26
670,ska-p,57934,2de794c8-8826-48d0-90e0-6900183ba9e0
671,avantasia,57914,2ecbc483-dee4-442f-8ce7-f3ab31c73f87
672,the raconteurs,57884,be407b02-f3e6-4ed5-9489-f8e5f0ab36dc
673,bauhaus,57864,0688add2-c282-4ee2-ba61-223ffdb3c201
674,tricky,57847,5bf64d94-efd9-4334-96fd-e6197b0b02b8
675,gang starr,57828,9ef8042a-2528-4f5c-b7c1-5e72b1efe170
676,elbow,57767,3cb3928a-526c-4a3d-93c5-53315fa9bde0
677,die apokalyptischen reiter,57671,3f2e771c-6559-4603-8c4a-90c89bc94aa1
678,combichrist,57616,c29f4522-f710-4bb5-a06b-d436fcc3b2fd
679,elvis costello,57535,8a338e06-d182-46f2-bd16-30a09bc840ba
680,happysad,57471,a800acf3-ca6c-4617-92cd-138df973404f
681,subway to sally,57288,5533fa1c-4102-4ae7-92ae-78dddb17fe7f
682,satyricon,57143,8eed05a5-e9a1-4dda-8b33-e354c4ecc8b6
683,chico buarque,57117,3a5d1cc7-627e-48ea-aba3-fdd20d782c33
684,grizzly bear,57111,59a7fbcb-ff74-494d-abd0-9c82359040c9
685,guided by voices,57103,6c85f4c3-026c-4c16-9a7c-f546f42ed0fb
686,black label society,57073,a8e935c6-3fcc-414c-900c-77e8170e7e7c
687,descendents,57047,f035837e-4117-438d-a524-cacf43500e68
688,billy joel,57019,64b94289-9474-4d43-8c93-918ccc1920d1
689,sage francis,56962,c8fc1732-d191-4a29-a33a-410f98eff13b
690,usher,56953,3414d446-735a-443c-931f-10634f57e5b9
691,jefferson airplane,56776,39c2a93d-9afa-4a22-9bba-c087ab056e1c
692,the veronicas,56765,fd1baeb3-0ee9-4838-b4c7-615c78d68d10
693,mos def,56714,9f4551c6-1324-4ac5-b3fe-a5c5cfacd54d
694,soil,56698,39a1b293-8e17-4a1c-b50b-034c40e24461
695,all shall perish,56697,eb55f2c5-e7dc-4697-9ed7-864438d10eb6
696,buckethead,56642,b5179744-f217-4455-9d8b-17b8d4fdeb93
697,dj krush,56634,38d16213-25ba-450d-8665-4e08548e62e3
698,theatre of tragedy,56581,1b6ce503-df5f-45d5-86cf-54740c30042f
699,tiger army,56452,a043cfa6-6e87-4975-ac27-5005bdfa7afb
700,jurassic 5,56271,11c6b106-1c1f-429d-8407-b1ee155d7f72
701,agalloch,56100,3d46727d-9367-47b8-8b8b-f7b6767f7d57
702,switchfoot,55920,ff865aa0-4603-4f79-ae8b-8735332e2cfa
703,gym class heroes,55785,f4d4b515-0b74-423f-a161-db184330c37c
704,escape the fate,55765,b9ca7096-68de-455f-8a36-1f1ebb2abf2a
705,róisín murphy,55631,4c56405d-ba8e-4283-99c3-1dc95bdd50e7
706,the black dahlia murder,55422,21f3573f-10cf-44b3-aeaa-26cccd8448b5
707,eagles of death metal,55401,de11b037-d880-40e0-8901-0397c768c457
708,taylor swift,55392,20244d07-534f-4eff-b4d4-930878889970
709,front line assembly,55354,b847e9d2-c931-4daf-900c-42c7b2c42e16
710,basshunter,55343,255e2420-5b02-452b-9771-0512ebe78090
711,the birthday massacre,55295,83d8a06a-4145-444a-b4ae-49e1e986206f
712,clap your hands say yeah,55255,4b2d6a23-034d-4a29-9bb9-d2462796da4e
713,mewithoutyou,55034,759b5ff1-91fe-4ec9-b9b7-75b7b2ceb283
714,hellogoodbye,55031,3fa7095b-4447-465e-a784-14b07789d7a1
715,tokio hotel,54861,462a85b4-83ac-4164-86b3-e5ac6a7ec040
716,scary kids scaring kids,54857,90cda7b7-9112-4ec7-9d6f-3f4675ef5130
717,bloodbath,54830,bc27c60a-a967-41c9-9633-c682ca0d77d5
718,the devil wears prada,54777,43c0958c-27ef-46c4-b4cc-83cfca54170d
719,bonnie 'prince' billy,54748,7b0a63b2-b8e8-490e-b724-1d30cb5edfe3
720,barenaked ladies,54602,86e736b4-93e2-40ff-9e1c-fb7c63fef5f6
721,four tet,54593,3bcff06f-675a-451f-9075-99e8657047e8
722,big bang,54463,ec2bcb77-b9a1-49e2-bfe7-419586bbef48
723,rhapsody of fire,54318,4e0dffde-ad2d-45b7-9c75-d57ce55de061
724,the get up kids,54183,1b54e90c-638e-4fdd-a20e-4ab09db9fdaf
725,gotan project,54144,66cc244d-6f96-4668-a6e9-0f9cd5acc940
726,eluveitie,54063,8000598a-5edb-401c-8e6d-36b167feaf38
727,the hold steady,53873,4883523d-fc0e-4d0d-802c-91379e767083
728,biffy clyro,53730,892500b7-09a6-4049-ba92-2d192dd70563
729,roxette,53575,d3b2711f-2baa-441a-be95-14945ca7e6ea
730,sade,53475,67930b3e-e00b-469f-8c74-fd69f20522ec
731,senses fail,53405,b4946461-dacb-4aa9-a77c-7b3231317794
732,stam1na,53290,f74c7996-4c0b-4ebd-b1e7-219e21c41286
733,songs: ohia,53233,1305bd7e-27ef-4236-ae87-0a7d435234ca
734,aimee mann,53116,db3c0a20-bf05-4b30-ac22-f294aea24172
735,razorlight,52924,f2cb0435-d643-4fab-9587-fdb0279330a7
736,jonas brothers,52718,6e019bc6-5c23-4935-94f0-4a896631d846
737,cursive,52670,c4153c51-b4ac-4183-beb3-c5dbfce39176
738,third eye blind,52663,92a42e82-b36f-4308-82c1-68bad2e03c89
739,宇多田ヒカル,52571,b539e453-c4fe-47e3-8a07-8517eac74429
740,apparat,52404,dc3dbfc1-f1f1-49c6-9d7c-425fabf3ae12
741,the arcade fire,52308,52074ba6-e495-4ef3-9bb4-0703888a9f68
742,built to spill,52196,3ac482b8-1494-4071-a0e9-f192f9d2c2b0
743,blutengel,52192,337e30b6-3dbe-44f2-a3fd-84a80abdb5a1
744,current 93,52146,944655bc-16b1-48d2-b4ff-f73654612fcf
745,the blood brothers,52143,b847568f-cd75-44c7-b87b-4f38a5a9f661
746,the weakerthans,51871,bc68928b-fbb5-4aac-baae-52ba49202372
747,delerium,51840,4279aba0-1bde-40a9-8fb2-c63d165dc554
748,orbital,51714,f3e2a7d9-c6bb-4848-95e5-04c0a1e2f511
749,dope,51701,c48ff56b-0a0e-453c-be56-741d47c33056
750,trentemøller,51692,95e9aba6-f85c-48a0-9ec9-395d4f0e3875
751,talib kweli,51603,bb3cbea2-5ad4-4917-bc84-8a1975d40315
752,duran duran,51555,1a1cd7f3-e5df-4eca-bae2-2757c9e656b5
753,emery,51491,6b22de04-fb48-44aa-bd02-c1427f635477
754,doves,51477,9de8f66e-3cd1-4f11-8328-38200f0612b0
755,thom yorke,51466,8ed2e0b3-aa4c-4e13-bec3-dc7393ed4d6b
756,ignite,51442,4d9fb84a-8104-48c1-aa16-21f53c9053cc
757,hey,51428,d24c555c-318d-4fa3-bcf9-a250475cf0af
758,riverside,51267,985c5cc9-2dc1-49ac-8806-5b66586a2d58
759,the pogues,51264,d41a6875-b626-4c0f-89a1-aecb643d29ff
760,ben folds five,51239,abe2669a-a612-4bf6-9193-bb4f4b8a9088
761,why?,51233,5dc8a187-443d-4fb2-a0fc-209ef241b9ce
762,amy macdonald,51190,6aa40207-fec8-43a7-991d-b872a42def05
763,cobra starship,51155,ffb390b8-8df4-4b72-97d1-7b2fc008a452
764,phil collins,51111,401c3991-b76b-499d-8082-9f2df958ef78
765,social distortion,50975,e1e05cce-3922-44e1-8f20-015abe5e309d
766,yui,50932,80d1d7e0-fdab-4009-8375-54bd63d74c0e
767,front 242,50929,8fb6c00f-61d8-4f27-98f9-53e1ba481626
768,coil,50882,c16fbb7e-57b1-462c-97c5-bd0e11248765
769,archive,50853,bd513de0-e42f-425e-ae46-817d7bc5fb1c
770,symphony x,50812,b669c53e-5a1f-4adc-80be-755e64e8115e
771,glenn gould,50745,7002bf88-1269-4965-a772-4ba1e7a91eaa
772,nevermore,50744,7d093650-89be-4108-842b-ba7f5367504b
773,aretha franklin,50644,2f9ecbed-27be-40e6-abca-6de49d50299e
774,foals,50641,6a65d878-fcd0-42cf-aff9-ca1d636a8bcc
775,caetano veloso,50628,f07dbc2f-317b-470f-bad4-5f1b0eb6faf1
776,santogold,50594,d7311646-287b-4d3a-9a4f-7d46f93075e5
777,the hellacopters,50591,6be97d02-b66e-46d5-931c-0a81087fecbc
778,the fall of troy,50417,8d3ee4ba-be21-470c-bb7c-4c124c3eb989
779,deerhoof,50341,11eabe0c-2638-4808-92f9-1dbd9c453429
780,jamie cullum,50285,b10806de-2198-4313-af6a-13df4acb912f
781,joaquín sabina,50128,a992aada-7108-455d-9747-0b7b6a089e8d
782,the format,50092,81b07a2a-cdf0-4c5e-a68c-8d910e1f0ea6
783,paul simon,50090,05517043-ff78-4988-9c22-88c68588ebb9
784,hypocrisy,49983,b1e23ada-a7eb-42d7-91ec-67a43bead43a
785,digitalism,49979,7b52603c-a84c-4a76-8dc8-899bb4dd9fa7
786,serge gainsbourg,49949,b21ef19b-c6aa-4775-90d3-3cc3e067ce6d
787,boys like girls,49889,d6e65033-b56a-49df-8744-6fc3ffd75edd
788,andrés calamaro,49878,5a092e7c-faa9-45d0-88c6-052205804e6c
789,sabaton,49735,39a31de6-763d-48b6-a45c-f7cfad58ffd8
790,dinosaur jr.,49629,77c167d2-4965-4421-830a-9815e4956475
791,between the buried and me,49624,1870fb43-50f1-4660-a879-bb596d1519b6
792,neko case,49614,e13d2935-8c42-4c0a-96d7-654062acf106
793,bush,49540,93ccd76c-3790-4435-a8bf-02bc26294b93
794,bad brains,49464,e919b253-da5b-4aae-a444-6a368376a2d6
795,the ting tings,49329,e618770f-e994-41c3-856f-1eedf56b6d74
796,melvins,49320,9ccfbc94-a4f4-42f7-b6f5-d903ab77cccb
797,devin townsend,49259,93e8c41e-8e4f-4d08-bbf5-bc1a903b2423
798,the radio dept.,49036,e664d1cd-23ab-48d5-b8fa-e98485daa5be
799,adam green,49025,150e799b-3244-45d9-a6cb-5a3e8c33d430
800,adele,48993,b0335a95-8a12-4c71-8149-5054ec847d04
801,dethklok,48941,1afcd689-9be4-4d1a-a9fa-49e086250f51
802,mae,48869,6eea322e-ab09-451f-818b-a1348ce14b91
803,morphine,48804,42689657-cbec-4f66-a9ed-80f939ea23ed
804,uriah heep,48799,f1548c5b-329e-4036-921c-02213a04b525
805,assemblage 23,48786,1626de1a-509a-413f-82de-a362a2fd14a3
806,tokyo police club,48766,35a6a353-b186-4c13-a264-d18d5e2ce853
807,the verve,48707,d4d17620-fd97-4574-92a8-a2cb7e72ce42
808,l'Âme immortelle,48611,024c3b90-9d09-4c67-902f-fdf49649e4f8
809,anthrax,48581,315126eb-86bc-475c-a308-b8edfdd6c08c
810,flёur,48543,cbd47e2d-b0c1-4004-9a37-95187982463f
811,pidżama porno,48508,2645702c-97a3-45dd-b408-707362116101
812,streetlight manifesto,48483,cbc9199f-944b-42e9-a945-627c9fc0ba6e
813,live,48374,cba77ba2-862d-4cee-a8f6-d3f9daf7211c
814,flight of the conchords,48305,1f574ab1-a46d-4586-9331-f0ded23e0411
815,ray charles,48186,2ce02909-598b-44ef-a456-151ba0a3bd70
816,basement jaxx,48065,28cbf94d-0700-4095-a188-37e373b069a7
817,fear before the march of flames,48017,1d5aa664-2a04-4e5f-8751-0e919e8d68f0
818,electric light orchestra,47834,0c502791-4ee9-4c5f-9696-0602b721ff3b
819,turisas,47824,1cf39e0b-c595-46f7-9ea8-4d2b14843c81
820,asian kung-fu generation,47786,14e410f5-97f2-48ba-b1f7-a3a44cbea05c
821,adema,47778,e9e9109e-5914-48c8-a7e6-a95dd94bd345
822,onerepublic,47673,c33c2065-b1c3-4406-b066-d33a9e2ea71a
823,the cat empire,47671,a530492f-8806-4bd7-9c14-80c237eb92fe
824,blondie,47638,4d2956d1-a3f7-44bb-9a41-67563e1a0c94
825,cky,47536,4ed35152-5207-4101-8904-6cb5d159b545
826,the brian jonestown massacre,47460,381e8434-109a-439c-8acc-5d328359f2e0
827,a-ha,47453,7364dea6-ca9a-48e3-be01-b44ad0d19897
828,comeback kid,47445,6d152109-c447-446d-9a06-3621c920bebd
829,insane clown posse,47442,7a1eb805-2242-4daa-bd90-c1ed350e2e48
830,apulanta,47319,d3fa206b-a8ff-4b53-a0e2-83aa19a40c66
831,zebrahead,47319,4df5d35b-a9d4-4d4f-91f6-bae55693de31
832,deerhunter,47221,4f416ed7-dda2-45de-a6f1-b986e861cf4b
833,richard cheese,47143,9bf79f68-c064-44a1-8c2c-5764f1d7c016
834,alesana,47097,1079b087-a5b3-4a07-abbc-88043ceda334
835,the wombats,47022,e105c272-b5d7-4135-82ef-d60bded54345
836,danzig,46910,8925a01a-8608-411d-a90b-f3a52d061208
837,low,46880,42faad37-8aaa-42e4-a300-5a7dae79ed24
838,kosheen,46875,4f4bda3c-d636-4135-b65a-6cc26bc75788
839,epik high,46813,57f1cdd6-cf32-4004-a095-3ef043c91b61
840,eagles,46722,f46bd570-5768-462e-b84c-c7c993bbf47e
841,summoning,46696,8363f94f-fd86-41b8-a56b-26eacb34f499
842,down,46691,4c01333f-e8e8-43bd-9923-8de83ef6f63d
843,she wants revenge,46660,f434ae2b-b203-490d-a8ac-aa9cd51c0e73
844,schiller,46655,75ebdfa0-4a8a-496a-a57f-e4bb93b14d4c
845,frou frou,46585,d614b0ad-fe3a-4927-b413-48cb831a814b
846,blackmore's night,46507,aeee5fe5-38f5-41bc-8ab8-9f9aa23e4f68
847,madvillain,46480,4e024037-14b7-4aea-99ad-c6ace63b9620
848,suede,46374,a55c2f1b-3f3f-4d6a-aa30-5e186dbadce6
849,janis joplin,46335,76c9a186-75bd-436a-85c0-823e3efddb7f
850,samsas traum,46321,c1f9719f-34bf-4243-b060-dbfa76cf8634
851,anna ternheim,46176,3eb72791-6322-466b-87d3-24d74901eb2d
852,centro-matic,46155,ad76c38e-a7fe-4f95-a309-2d24099914d2
853,mad caddies,46143,cfb1c147-1046-4921-9c53-d3a226ebdb0b
854,tracy chapman,46062,1129817c-488a-4096-80c1-77fc1b107c93
855,the presets,45951,f5b8ea5f-c269-45dd-9936-1fedf3c56851
856,matchbox twenty,45912,75af9d25-cf32-49c0-9192-60bd8e9784e6
857,hot hot heat,45879,0e0dd9da-5878-4c46-9a9a-6df43abb5c96
858,de la soul,45863,a8ebde98-7e91-46c7-992c-90039ba42017
859,lacrimosa,45817,20b9add0-f004-4720-8f46-585525203a8b
860,max richter,45755,509f20b2-5df3-4aec-9bbc-002131fb3f99
861,kotoko,45748,b71abaa0-dd97-4e85-943d-3ffa2d3278a5
862,james brown,45713,20ff3303-4fe2-4a47-a1b6-291e26aa3438
863,de-phazz,45682,5c47ccd3-3f82-46b9-96b8-efdffc83f269
864,joshua radin,45682,24762087-34ce-4f65-b743-7d8402cf30dd
865,busta rhymes,45547,10a9ff92-9637-4498-afea-7044b2ab0dc0
866,the go! team,45515,8a396a9c-2e4f-47e2-a587-c26e93a0953f
867,godspeed you! black emperor,45373,3648db01-b29d-4ab9-835c-83f6a5068fe4
868,ludacris,45333,0638ba22-040f-438d-83a5-9b670c4adaf5
869,lagwagon,45165,c7788fba-e635-4d8b-a937-01a68ab154e3
870,dio,45067,c55193fb-f5d2-4839-a263-4c044fca1456
871,iamx,44998,e4d05411-9a3d-452e-8b0e-a55b86b7cf85
872,jacks mannequin,44981,2b6514cd-d424-45fe-ab85-bd8719f4492d
873,scar symmetry,44930,b9a20306-a4f5-4d3c-8680-e9cdc7e3af5b
874,matisyahu,44920,e8993e9d-9313-4447-ad23-791459a3790d
875,mayhem,44893,c5f9e699-7b0d-4030-86dd-7acc8250d147
876,shiny toy guns,44881,ad61e25e-5516-41e1-b60d-744e8220986e
877,duffy,44706,4e0e884d-099b-4ca9-bf4d-bcb31e739540
878,fantômas,44632,057aa66c-cf6e-499d-bda8-5adc47ad4197
879,...and you will know us by the trail of dead,44594,9c1ff574-2ae4-4fea-881f-83293d0d5881
880,bear mccreary,44570,78192f3c-607b-4190-a02b-8e036887b9a7
881,ghostface,44538,3b39abeb-0064-4eed-9ddd-ee47a45c54cb
882,the future sound of london,44373,a1d77dd4-8728-4a47-bdfa-9663d791139c
883,zемфира,44310,cec59910-2d12-46ec-8e39-85ca06acb0ed
884,the spill canvas,44285,98091205-c85e-49b0-954b-d84dab308138
885,enrique iglesias,44228,35f866dc-c061-48ba-8157-cf2e0eac4857
886,bushido,44226,13246906-ec3b-4ec5-bc2f-f7ca802facea
887,farin urlaub,44182,23620454-4dca-45b7-8496-066e94d99826
888,schandmaul,44082,ff7f80cd-05c2-4068-a00e-fbfbd453d049
889,our lady peace,44049,78661da3-894c-4947-a34b-fb7edf585d9b
890,nujabes,43948,1595addf-f76b-450a-a097-af852ff35f27
891,the gaslight anthem,43923,f208f09e-b5b3-4b06-87cd-f7230fae17e3
892,george harrison,43901,42a8f507-8412-4611-854f-926571049fa0
893,townes van zandt,43860,d67d1a21-6e45-4dd6-aef0-0191ba3796e0
894,the notwist,43858,f180cec2-9421-4417-a841-c7372090d13d
895,propagandhi,43846,cc546218-cc08-4ae9-9592-ac1596c1470d
896,from first to last,43806,7f36c2ba-a338-402f-861f-390229bfae04
897,sonic syndicate,43806,10a402b7-0e50-4479-b007-9cfdd5eaa287
898,kool savas,43714,2e0d05e0-d147-46e6-be51-8ffed2a9e0da
899,maria mena,43556,88679ca2-2080-4cea-8669-41ab4b8d865d
900,goldfinger,43521,87fc1871-b74e-4bf5-a00d-8a89c288008b
901,the books,43499,1270af14-9c17-4400-8ebb-3f0ac40dcfb0
902,the bouncing souls,43474,429d5f26-329c-41cc-bdff-17c29dbf1fb8
903,bryan adams,43448,4dbf5678-7a31-406a-abbe-232f8ac2cd63
904,horrorpops,43436,e000d76b-afff-4286-a5fd-7ea6405cb80f
905,steely dan,43402,e01c3376-15fa-40d7-b747-5f219bdefdd7
906,monster magnet,43375,a0955511-1324-4e9b-834f-e1e140502850
907,the pipettes,43236,503877b0-4e1b-452b-851c-5e3f478d3714
908,danko jones,43212,ab4721e4-bc37-4bd2-be8c-8f1550152ad6
909,sodom,43184,2251718f-7b5c-4a92-9267-895125c594d3
910,harry gregson-williams,43165,8974da95-e631-45aa-8fd7-aa0c2795f997
911,sleater-kinney,43139,e36e78eb-3ace-4acd-882c-16789e700ab7
912,flying lotus,42855,fc7376fe-1a6f-4414-b4a7-83f50ed59c92
913,mylène farmer,42853,18b23026-ed29-445a-9bb4-4e86598ab5a9
914,sarah brightman,42842,896f0194-8ab2-4278-81e0-c56a0444b569
915,marvin gaye,42800,afdb7919-059d-43c1-b668-ba1d265e7e42
916,hot water music,42796,c83907ee-8b5a-4547-8f68-96572243ea7f
917,news,42793,beaf7ec8-ca73-4f41-b9d2-814e18fca896
918,the last shadow puppets,42743,8a3e1c4f-59a8-457a-826c-fe961419a8ae
919,lordi,42666,b5b4ba6e-6e34-4669-a33b-0d813b4c3d83
920,biosphere,42600,a5ee1ebe-a645-45d2-8319-d101fe62e581
921,bat for lashes,42471,10000730-525f-4ed5-aaa8-92888f060f5f
922,queensrÿche,42458,deeea939-7f89-4762-b09f-79269cd70d3b
923,feeder,42427,88a4cd4e-5dee-4153-8462-0d5e43c75f47
924,mokoma,42362,e979c1bc-5cc2-497b-801f-823244a9166d
925,Сплин,42298,0783b768-6719-450b-a7e1-7e891da17af3
926,annihilator,42272,c30ebe30-514f-4e6d-823a-19adf0225a56
927,the corrs,42262,acf6c776-d0f6-4239-b5a2-a45a613ffa52
928,seeed,42235,49c43c49-328d-4b14-8a1d-be99cafaec14
929,lou reed,42186,9d1ebcfe-4c15-4d18-95d3-d919898638a1
930,echo & the bunnymen,42185,ccd4879c-5e88-4385-b131-bf65296bf245
931,walls of jericho,42150,a342964d-ca53-4e54-96dc-e8501851e77f
932,tocotronic,42136,7717539b-33aa-45d5-b88d-9e627172db19
933,thomas newman,42088,348f3a5f-5112-4d72-b33b-11c60b4f9af2
934,the rocket summer,42080,9fdd9163-9824-413e-91ad-d01e561b4078
935,guster,42049,6cbe1e63-5895-4168-ac7e-f0d2836ba0c1
936,ice cube,42000,1d11e2a1-4531-4d61-a8c7-7b5c6a608fd2
937,antonio vivaldi,41987,ad79836d-9849-44df-8789-180bbc823f3c
938,strapping young lad,41908,584b72a4-45f7-46ce-b440-e9ee579d71c4
939,devo,41864,d2db1078-c170-4e22-b261-14f3ad60a690
940,slagsmålsklubben,41854,3869dbb7-da0c-455f-ad74-332a9d35d016
941,immortal technique,41821,ef4db186-ff43-4708-a713-3ce1e05657a1
942,protest the hero,41723,6318e724-7e6b-4e41-a35b-080065077c80
943,eddie vedder,41721,1a60d6dd-9d3e-40fc-a66d-3184f9ee0d61
944,diorama,41704,17d16c18-5b51-45bd-87cd-cb76580c1623
945,booka shade,41693,9940c604-2456-4193-a403-ab18420bc1e9
946,groove coverage,41679,8eeecca3-3e44-4311-93e5-e67decfafc06
947,carcass,41576,d50a4b89-ff1f-4659-9fde-f76f8d5b3c89
948,louis armstrong,41546,eea8a864-fcda-4602-9569-38ab446decd6
949,james morrison,41497,a3352eff-cde0-4f15-b44a-6f5c3e9cf079
950,haste the day,41301,bcbc08d6-4615-4f40-963c-5158ebe2b9e0
951,fort minor,41283,e1564e98-978b-4947-8698-f6fd6f8b0181
952,stars of the lid,41129,a1154343-1ea1-4007-97d3-2382482a90cd
953,thin lizzy,41117,6a726ac6-019e-455c-8bbb-571a77bed52e
954,haggard,40891,4ea2fd64-834c-4d78-8f4c-2a900c439031
955,los campesinos!,40862,e1194e66-e4f0-4351-9d26-ac95df530d0c
956,disciple,40801,4ebed31c-4984-432c-8d78-0f08a4b169a2
957,sex pistols,40778,e5db18cb-4b1f-496d-a308-548b611090d3
958,slowdive,40773,a16371b9-7d36-497a-a9d4-42b0a0440c5e
959,emperor,40769,d9951785-7906-4daf-9a60-21753bf64aa9
960,the jam,40751,23228f18-01d5-493e-94ce-cfcde82a8db2
961,noize mc,40715,a0c5737e-da6d-468f-a78e-19146494f1db
962,horse the band,40648,0c6b687a-1225-47a1-b6a9-55381755ecf4
963,juno reactor,40552,16231a34-9ccd-410e-8690-f74e98fe16a4
964,django reinhardt,40473,650bf385-6f6d-4992-a3b9-779d144920a4
965,yiruma,40271,841db5c8-7072-4b89-9bdb-0a0bd0e9d357
966,the whitest boy alive,40241,f83781c8-64f9-4657-85bd-51f74d195cfd
967,tosca,40190,3231d12a-c42d-4977-b2a4-a6e4d87978e1
968,倖田來未,40159,455641ea-fff4-49f6-8fb4-49f961d8f1ac
969,sophie ellis-bextor,40117,c4b87e45-c07a-460f-9c58-8d15328e2964
970,jonathan larson,40071,2ab30461-12e3-4c97-b716-c39f13015d29
971,nightmares on wax,40062,b8c5cc4f-239f-4e02-b46f-b040b77c2030
972,takida,40053,2bc20c29-8c70-49e1-a92a-0738cda521a9
973,badly drawn boy,39977,0881daf1-20df-4a3e-a84f-6476a84bb172
974,skid row,39924,6da0515e-a27d-449d-84cc-00713c38a140
975,devotchka,39882,a66cc38c-e6cd-4725-a8fd-7d32b998347f
976,melanie c,39857,25b509ef-48ad-461b-a0bc-94cdddb8c919
977,the subways,39795,20e264d7-b4d5-4e49-8931-a9c67ff07f04
978,joss stone,39778,dbbc47a5-1338-4830-9298-a8d0b11c0a46
979,mägo de oz,39754,fa3b825f-7c85-4377-b393-d28a2016e293
980,chevelle,39677,8456e9f7-debf-4579-a86c-33a325a35d2d
981,equilibrium,39669,43dc147b-a289-4e64-b115-6b86f9e47de9
982,grandaddy,39640,9d4c4835-c71a-4647-a4fc-263e26832cd0
983,after forever,39584,6b966946-5274-4e3d-aabb-7563814d805f
984,plaid,39522,7e54d133-2525-4bc0-ae94-65584145a386
985,primal scream,39499,55704c38-224f-4b75-b29f-d43653f8bc9a
986,secondhand serenade,39413,c4caa34e-57b5-432b-ad9d-7e6543944d96
987,sirenia,39378,5fcd6db8-979c-42e3-99a6-fd8302f82a9d
988,no use for a name,39308,d7bd0fad-2f06-4936-89ad-60c5b6ada3c1
989,rasputina,39284,2ee6f445-005e-40dd-8bb8-474849216a38
990,télépopmusik,39228,265f242e-cf4e-4fbe-a3fe-43112387172f
991,suicide silence,39208,4fd53e84-ffa1-4434-9146-3fab25ece7e0
992,corinne bailey rae,39204,bc85c6f6-6b06-44c1-8754-ef32c1e6b824
993,alter bridge,39065,60a23fda-a440-4ab9-a344-7dfdd2ed341a
994,final fantasy,38957,763e1b10-0e76-4e4e-8ea6-b883171c7829
995,bolt thrower,38881,68bd8072-0412-44b1-81dd-807aa6c1918c
996,cute is what we aim for,38811,40a5a225-3279-4d48-bca2-6059ed11b4fc
997,the hush sound,38657,2b7a7c7f-8c18-4e0c-aaf2-8c6f4e93cdbb
998,soda stereo,38654,3f8a5e5b-c24b-4068-9f1c-afad8829e06b
999,bill evans,38638,8247a3f2-3a8e-4256-b322-6c57b03a4e36
